"X","baller","batter","balls","runsperball","extra","total_score","wickets","country","innings","toss_decision","toss_winner","margin","match_winner","batter_style","bowler_style"
1,"GD McGrath","SC Ganguly",0.1,2,FALSE,2,0,"India",1,"bat","Australia","9  wickets","Australia","Left","Fast"
2,"GD McGrath","SC Ganguly",0.2,0,FALSE,2,0,"India",1,"bat","Australia","9  wickets","Australia","Left","Fast"
3,"GD McGrath","SC Ganguly",0.3,0,FALSE,2,0,"India",1,"bat","Australia","9  wickets","Australia","Left","Fast"
4,"GD McGrath","SC Ganguly",0.4,0,TRUE,3,0,"India",1,"bat","Australia","9  wickets","Australia","Left","Fast"
5,"GD McGrath","SR Tendulkar",0.5,0,FALSE,3,0,"India",1,"bat","Australia","9  wickets","Australia","Right","Fast"
6,"GD McGrath","SR Tendulkar",0.6,0,FALSE,3,0,"India",1,"bat","Australia","9  wickets","Australia","Right","Fast"
7,"B Lee","SC Ganguly",1.1,1,FALSE,4,0,"India",1,"bat","Australia","9  wickets","Australia","Left","Fast"
8,"B Lee","SR Tendulkar",1.2,0,FALSE,4,0,"India",1,"bat","Australia","9  wickets","Australia","Right","Fast"
9,"B Lee","SR Tendulkar",1.3,0,FALSE,4,0,"India",1,"bat","Australia","9  wickets","Australia","Right","Fast"
10,"B Lee","SR Tendulkar",1.4,1,FALSE,5,0,"India",1,"bat","Australia","9  wickets","Australia","Right","Fast"
11,"B Lee","SC Ganguly",1.5,0,TRUE,7,0,"India",1,"bat","Australia","9  wickets","Australia","Left","Fast"
12,"B Lee","SC Ganguly",1.6,0,FALSE,7,0,"India",1,"bat","Australia","9  wickets","Australia","Left","Fast"
13,"GD McGrath","SR Tendulkar",2.1,0,FALSE,7,0,"India",1,"bat","Australia","9  wickets","Australia","Right","Fast"
14,"GD McGrath","SR Tendulkar",2.2,1,FALSE,8,0,"India",1,"bat","Australia","9  wickets","Australia","Right","Fast"
15,"GD McGrath","SC Ganguly",2.3,0,FALSE,8,0,"India",1,"bat","Australia","9  wickets","Australia","Left","Fast"
16,"GD McGrath","SC Ganguly",2.4,0,FALSE,8,0,"India",1,"bat","Australia","9  wickets","Australia","Left","Fast"
17,"GD McGrath","SC Ganguly",2.5,0,FALSE,8,0,"India",1,"bat","Australia","9  wickets","Australia","Left","Fast"
18,"GD McGrath","SC Ganguly",2.6,1,FALSE,9,0,"India",1,"bat","Australia","9  wickets","Australia","Left","Fast"
19,"B Lee","SC Ganguly",3.1,0,FALSE,9,0,"India",1,"bat","Australia","9  wickets","Australia","Left","Fast"
20,"B Lee","SC Ganguly",3.2,0,FALSE,9,0,"India",1,"bat","Australia","9  wickets","Australia","Left","Fast"
21,"B Lee","SC Ganguly",3.3,0,TRUE,10,0,"India",1,"bat","Australia","9  wickets","Australia","Left","Fast"
22,"B Lee","SR Tendulkar",3.4,0,FALSE,10,0,"India",1,"bat","Australia","9  wickets","Australia","Right","Fast"
23,"B Lee","SR Tendulkar",3.5,0,FALSE,10,0,"India",1,"bat","Australia","9  wickets","Australia","Right","Fast"
24,"B Lee","SR Tendulkar",3.6,0,FALSE,10,0,"India",1,"bat","Australia","9  wickets","Australia","Right","Fast"
25,"GD McGrath","SC Ganguly",4.1,0,FALSE,10,0,"India",1,"bat","Australia","9  wickets","Australia","Left","Fast"
26,"GD McGrath","SC Ganguly",4.2,4,FALSE,14,0,"India",1,"bat","Australia","9  wickets","Australia","Left","Fast"
27,"GD McGrath","SC Ganguly",4.3,0,FALSE,14,0,"India",1,"bat","Australia","9  wickets","Australia","Left","Fast"
28,"GD McGrath","SC Ganguly",4.4,0,FALSE,14,0,"India",1,"bat","Australia","9  wickets","Australia","Left","Fast"
29,"GD McGrath","SC Ganguly",4.5,0,TRUE,15,0,"India",1,"bat","Australia","9  wickets","Australia","Left","Fast"
30,"GD McGrath","SR Tendulkar",4.6,0,FALSE,15,0,"India",1,"bat","Australia","9  wickets","Australia","Right","Fast"
31,"B Lee","SC Ganguly",5.1,1,FALSE,16,0,"India",1,"bat","Australia","9  wickets","Australia","Left","Fast"
32,"B Lee","SR Tendulkar",5.2,0,TRUE,17,0,"India",1,"bat","Australia","9  wickets","Australia","Right","Fast"
33,"B Lee","SR Tendulkar",5.2,4,FALSE,21,0,"India",1,"bat","Australia","9  wickets","Australia","Right","Fast"
34,"B Lee","SR Tendulkar",5.3,1,FALSE,22,0,"India",1,"bat","Australia","9  wickets","Australia","Right","Fast"
35,"B Lee","SC Ganguly",5.4,0,FALSE,22,1,"India",1,"bat","Australia","9  wickets","Australia","Left","Fast"
36,"B Lee","V Sehwag",5.5,0,FALSE,22,0,"India",1,"bat","Australia","9  wickets","Australia","Right","Fast"
37,"B Lee","V Sehwag",5.6,4,FALSE,26,0,"India",1,"bat","Australia","9  wickets","Australia","Right","Fast"
38,"GD McGrath","SR Tendulkar",6.1,2,FALSE,28,0,"India",1,"bat","Australia","9  wickets","Australia","Right","Fast"
39,"GD McGrath","SR Tendulkar",6.2,4,FALSE,32,0,"India",1,"bat","Australia","9  wickets","Australia","Right","Fast"
40,"GD McGrath","SR Tendulkar",6.3,4,FALSE,36,0,"India",1,"bat","Australia","9  wickets","Australia","Right","Fast"
41,"GD McGrath","SR Tendulkar",6.4,2,FALSE,38,0,"India",1,"bat","Australia","9  wickets","Australia","Right","Fast"
42,"GD McGrath","SR Tendulkar",6.5,2,FALSE,40,0,"India",1,"bat","Australia","9  wickets","Australia","Right","Fast"
43,"GD McGrath","SR Tendulkar",6.6,0,FALSE,40,0,"India",1,"bat","Australia","9  wickets","Australia","Right","Fast"
44,"B Lee","V Sehwag",7.1,0,FALSE,40,0,"India",1,"bat","Australia","9  wickets","Australia","Right","Fast"
45,"B Lee","V Sehwag",7.2,0,TRUE,41,0,"India",1,"bat","Australia","9  wickets","Australia","Right","Fast"
46,"B Lee","V Sehwag",7.2,0,FALSE,41,2,"India",1,"bat","Australia","9  wickets","Australia","Right","Fast"
47,"B Lee","R Dravid",7.3,0,FALSE,41,0,"India",1,"bat","Australia","9  wickets","Australia","Right","Fast"
48,"B Lee","R Dravid",7.4,0,FALSE,41,0,"India",1,"bat","Australia","9  wickets","Australia","Right","Fast"
49,"B Lee","R Dravid",7.5,0,FALSE,41,0,"India",1,"bat","Australia","9  wickets","Australia","Right","Fast"
50,"B Lee","R Dravid",7.6,1,FALSE,42,0,"India",1,"bat","Australia","9  wickets","Australia","Right","Fast"
51,"GD McGrath","R Dravid",8.1,0,FALSE,42,0,"India",1,"bat","Australia","9  wickets","Australia","Right","Fast"
52,"GD McGrath","R Dravid",8.2,0,FALSE,42,0,"India",1,"bat","Australia","9  wickets","Australia","Right","Fast"
53,"GD McGrath","R Dravid",8.3,0,FALSE,42,0,"India",1,"bat","Australia","9  wickets","Australia","Right","Fast"
54,"GD McGrath","R Dravid",8.4,0,FALSE,42,0,"India",1,"bat","Australia","9  wickets","Australia","Right","Fast"
55,"GD McGrath","R Dravid",8.5,0,FALSE,42,0,"India",1,"bat","Australia","9  wickets","Australia","Right","Fast"
56,"GD McGrath","R Dravid",8.6,0,FALSE,42,0,"India",1,"bat","Australia","9  wickets","Australia","Right","Fast"
57,"B Lee","SR Tendulkar",9.1,1,FALSE,43,0,"India",1,"bat","Australia","9  wickets","Australia","Right","Fast"
58,"B Lee","R Dravid",9.2,0,FALSE,43,0,"India",1,"bat","Australia","9  wickets","Australia","Right","Fast"
59,"B Lee","R Dravid",9.3,0,FALSE,43,0,"India",1,"bat","Australia","9  wickets","Australia","Right","Fast"
60,"B Lee","R Dravid",9.4,0,FALSE,43,0,"India",1,"bat","Australia","9  wickets","Australia","Right","Fast"
61,"B Lee","R Dravid",9.5,0,FALSE,43,0,"India",1,"bat","Australia","9  wickets","Australia","Right","Fast"
62,"B Lee","R Dravid",9.6,0,FALSE,43,0,"India",1,"bat","Australia","9  wickets","Australia","Right","Fast"
63,"GD McGrath","SR Tendulkar",10.1,0,FALSE,43,0,"India",1,"bat","Australia","9  wickets","Australia","Right","Fast"
64,"GD McGrath","SR Tendulkar",10.2,0,FALSE,43,0,"India",1,"bat","Australia","9  wickets","Australia","Right","Fast"
65,"GD McGrath","SR Tendulkar",10.3,0,FALSE,43,0,"India",1,"bat","Australia","9  wickets","Australia","Right","Fast"
66,"GD McGrath","SR Tendulkar",10.4,0,FALSE,43,0,"India",1,"bat","Australia","9  wickets","Australia","Right","Fast"
67,"GD McGrath","SR Tendulkar",10.5,0,FALSE,43,0,"India",1,"bat","Australia","9  wickets","Australia","Right","Fast"
68,"GD McGrath","SR Tendulkar",10.6,0,FALSE,43,0,"India",1,"bat","Australia","9  wickets","Australia","Right","Fast"
69,"B Lee","R Dravid",11.1,0,FALSE,43,0,"India",1,"bat","Australia","9  wickets","Australia","Right","Fast"
70,"B Lee","R Dravid",11.2,0,TRUE,44,0,"India",1,"bat","Australia","9  wickets","Australia","Right","Fast"
71,"B Lee","R Dravid",11.2,0,FALSE,44,0,"India",1,"bat","Australia","9  wickets","Australia","Right","Fast"
72,"B Lee","R Dravid",11.3,0,FALSE,44,0,"India",1,"bat","Australia","9  wickets","Australia","Right","Fast"
73,"B Lee","R Dravid",11.4,0,FALSE,44,0,"India",1,"bat","Australia","9  wickets","Australia","Right","Fast"
74,"B Lee","R Dravid",11.5,0,FALSE,44,0,"India",1,"bat","Australia","9  wickets","Australia","Right","Fast"
75,"B Lee","R Dravid",11.6,0,FALSE,44,0,"India",1,"bat","Australia","9  wickets","Australia","Right","Fast"
76,"GD McGrath","SR Tendulkar",12.1,0,FALSE,44,0,"India",1,"bat","Australia","9  wickets","Australia","Right","Fast"
77,"GD McGrath","SR Tendulkar",12.2,0,FALSE,44,0,"India",1,"bat","Australia","9  wickets","Australia","Right","Fast"
78,"GD McGrath","SR Tendulkar",12.3,0,FALSE,44,0,"India",1,"bat","Australia","9  wickets","Australia","Right","Fast"
79,"GD McGrath","SR Tendulkar",12.4,0,FALSE,44,0,"India",1,"bat","Australia","9  wickets","Australia","Right","Fast"
80,"GD McGrath","SR Tendulkar",12.5,0,FALSE,44,0,"India",1,"bat","Australia","9  wickets","Australia","Right","Fast"
81,"GD McGrath","SR Tendulkar",12.6,0,FALSE,44,0,"India",1,"bat","Australia","9  wickets","Australia","Right","Fast"
82,"JN Gillespie","R Dravid",13.1,0,FALSE,44,3,"India",1,"bat","Australia","9  wickets","Australia","Right","Spin"
83,"JN Gillespie","Yuvraj Singh",13.2,0,FALSE,44,0,"India",1,"bat","Australia","9  wickets","Australia","Left","Spin"
84,"JN Gillespie","Yuvraj Singh",13.3,0,FALSE,44,0,"India",1,"bat","Australia","9  wickets","Australia","Left","Spin"
85,"JN Gillespie","Yuvraj Singh",13.4,0,FALSE,44,0,"India",1,"bat","Australia","9  wickets","Australia","Left","Spin"
86,"JN Gillespie","Yuvraj Singh",13.5,0,FALSE,44,0,"India",1,"bat","Australia","9  wickets","Australia","Left","Spin"
87,"JN Gillespie","Yuvraj Singh",13.6,0,FALSE,44,0,"India",1,"bat","Australia","9  wickets","Australia","Left","Spin"
88,"GD McGrath","SR Tendulkar",14.1,0,FALSE,44,0,"India",1,"bat","Australia","9  wickets","Australia","Right","Fast"
89,"GD McGrath","SR Tendulkar",14.2,0,FALSE,44,0,"India",1,"bat","Australia","9  wickets","Australia","Right","Fast"
90,"GD McGrath","SR Tendulkar",14.3,1,FALSE,45,0,"India",1,"bat","Australia","9  wickets","Australia","Right","Fast"
91,"GD McGrath","Yuvraj Singh",14.4,0,FALSE,45,0,"India",1,"bat","Australia","9  wickets","Australia","Left","Fast"
92,"GD McGrath","Yuvraj Singh",14.5,0,FALSE,45,0,"India",1,"bat","Australia","9  wickets","Australia","Left","Fast"
93,"GD McGrath","Yuvraj Singh",14.6,0,FALSE,45,4,"India",1,"bat","Australia","9  wickets","Australia","Left","Fast"
94,"JN Gillespie","SR Tendulkar",15.1,1,FALSE,46,0,"India",1,"bat","Australia","9  wickets","Australia","Right","Spin"
95,"JN Gillespie","M Kaif",15.2,0,FALSE,46,0,"India",1,"bat","Australia","9  wickets","Australia","Right","Spin"
96,"JN Gillespie","M Kaif",15.3,0,TRUE,47,0,"India",1,"bat","Australia","9  wickets","Australia","Right","Spin"
97,"JN Gillespie","M Kaif",15.3,0,FALSE,47,0,"India",1,"bat","Australia","9  wickets","Australia","Right","Spin"
98,"JN Gillespie","M Kaif",15.4,0,FALSE,47,0,"India",1,"bat","Australia","9  wickets","Australia","Right","Spin"
99,"JN Gillespie","M Kaif",15.5,0,FALSE,47,0,"India",1,"bat","Australia","9  wickets","Australia","Right","Spin"
100,"JN Gillespie","M Kaif",15.6,0,FALSE,47,0,"India",1,"bat","Australia","9  wickets","Australia","Right","Spin"
101,"A Symonds","SR Tendulkar",16.1,0,TRUE,48,0,"India",1,"bat","Australia","9  wickets","Australia","Right","Spin"
102,"A Symonds","SR Tendulkar",16.1,1,FALSE,49,0,"India",1,"bat","Australia","9  wickets","Australia","Right","Spin"
103,"A Symonds","M Kaif",16.2,0,FALSE,49,0,"India",1,"bat","Australia","9  wickets","Australia","Right","Spin"
104,"A Symonds","M Kaif",16.3,0,FALSE,49,0,"India",1,"bat","Australia","9  wickets","Australia","Right","Spin"
105,"A Symonds","M Kaif",16.4,0,FALSE,49,0,"India",1,"bat","Australia","9  wickets","Australia","Right","Spin"
106,"A Symonds","M Kaif",16.5,0,FALSE,49,0,"India",1,"bat","Australia","9  wickets","Australia","Right","Spin"
107,"A Symonds","M Kaif",16.6,1,FALSE,50,0,"India",1,"bat","Australia","9  wickets","Australia","Right","Spin"
108,"JN Gillespie","M Kaif",17.1,0,FALSE,50,0,"India",1,"bat","Australia","9  wickets","Australia","Right","Spin"
109,"JN Gillespie","M Kaif",17.2,0,FALSE,50,0,"India",1,"bat","Australia","9  wickets","Australia","Right","Spin"
110,"JN Gillespie","M Kaif",17.3,0,FALSE,50,0,"India",1,"bat","Australia","9  wickets","Australia","Right","Spin"
111,"JN Gillespie","M Kaif",17.4,0,FALSE,50,0,"India",1,"bat","Australia","9  wickets","Australia","Right","Spin"
112,"JN Gillespie","M Kaif",17.5,0,FALSE,50,0,"India",1,"bat","Australia","9  wickets","Australia","Right","Spin"
113,"JN Gillespie","M Kaif",17.6,0,FALSE,50,5,"India",1,"bat","Australia","9  wickets","Australia","Right","Spin"
114,"A Symonds","SR Tendulkar",18.1,1,FALSE,51,0,"India",1,"bat","Australia","9  wickets","Australia","Right","Spin"
115,"A Symonds","D Mongia",18.2,0,FALSE,51,0,"India",1,"bat","Australia","9  wickets","Australia","Left","Spin"
116,"A Symonds","D Mongia",18.3,0,FALSE,51,0,"India",1,"bat","Australia","9  wickets","Australia","Left","Spin"
117,"A Symonds","D Mongia",18.4,0,FALSE,51,0,"India",1,"bat","Australia","9  wickets","Australia","Left","Spin"
118,"A Symonds","D Mongia",18.5,2,FALSE,53,0,"India",1,"bat","Australia","9  wickets","Australia","Left","Spin"
119,"A Symonds","D Mongia",18.6,0,FALSE,53,0,"India",1,"bat","Australia","9  wickets","Australia","Left","Spin"
120,"JN Gillespie","SR Tendulkar",19.1,0,FALSE,53,0,"India",1,"bat","Australia","9  wickets","Australia","Right","Spin"
121,"JN Gillespie","SR Tendulkar",19.2,0,FALSE,53,0,"India",1,"bat","Australia","9  wickets","Australia","Right","Spin"
122,"JN Gillespie","SR Tendulkar",19.3,1,FALSE,54,0,"India",1,"bat","Australia","9  wickets","Australia","Right","Spin"
123,"JN Gillespie","D Mongia",19.4,0,FALSE,54,0,"India",1,"bat","Australia","9  wickets","Australia","Left","Spin"
124,"JN Gillespie","D Mongia",19.5,0,FALSE,54,0,"India",1,"bat","Australia","9  wickets","Australia","Left","Spin"
125,"JN Gillespie","D Mongia",19.6,0,FALSE,54,0,"India",1,"bat","Australia","9  wickets","Australia","Left","Spin"
126,"A Symonds","SR Tendulkar",20.1,0,TRUE,57,0,"India",1,"bat","Australia","9  wickets","Australia","Right","Spin"
127,"A Symonds","SR Tendulkar",20.1,1,FALSE,58,0,"India",1,"bat","Australia","9  wickets","Australia","Right","Spin"
128,"A Symonds","D Mongia",20.2,4,FALSE,62,0,"India",1,"bat","Australia","9  wickets","Australia","Left","Spin"
129,"A Symonds","D Mongia",20.3,0,FALSE,62,0,"India",1,"bat","Australia","9  wickets","Australia","Left","Spin"
130,"A Symonds","D Mongia",20.4,0,FALSE,62,0,"India",1,"bat","Australia","9  wickets","Australia","Left","Spin"
131,"A Symonds","D Mongia",20.5,2,FALSE,64,0,"India",1,"bat","Australia","9  wickets","Australia","Left","Spin"
132,"A Symonds","D Mongia",20.6,0,FALSE,64,0,"India",1,"bat","Australia","9  wickets","Australia","Left","Spin"
133,"JN Gillespie","SR Tendulkar",21.1,0,FALSE,64,0,"India",1,"bat","Australia","9  wickets","Australia","Right","Spin"
134,"JN Gillespie","SR Tendulkar",21.2,1,FALSE,65,0,"India",1,"bat","Australia","9  wickets","Australia","Right","Spin"
135,"JN Gillespie","D Mongia",21.3,0,FALSE,65,0,"India",1,"bat","Australia","9  wickets","Australia","Left","Spin"
136,"JN Gillespie","D Mongia",21.4,0,FALSE,65,0,"India",1,"bat","Australia","9  wickets","Australia","Left","Spin"
137,"JN Gillespie","D Mongia",21.5,0,FALSE,65,0,"India",1,"bat","Australia","9  wickets","Australia","Left","Spin"
138,"JN Gillespie","D Mongia",21.6,1,FALSE,66,0,"India",1,"bat","Australia","9  wickets","Australia","Left","Spin"
139,"A Symonds","D Mongia",22.1,0,FALSE,66,0,"India",1,"bat","Australia","9  wickets","Australia","Left","Spin"
140,"A Symonds","D Mongia",22.2,0,FALSE,66,0,"India",1,"bat","Australia","9  wickets","Australia","Left","Spin"
141,"A Symonds","D Mongia",22.3,0,FALSE,66,0,"India",1,"bat","Australia","9  wickets","Australia","Left","Spin"
142,"A Symonds","D Mongia",22.4,1,FALSE,67,0,"India",1,"bat","Australia","9  wickets","Australia","Left","Spin"
143,"A Symonds","SR Tendulkar",22.5,1,FALSE,68,0,"India",1,"bat","Australia","9  wickets","Australia","Right","Spin"
144,"A Symonds","D Mongia",22.6,0,FALSE,68,0,"India",1,"bat","Australia","9  wickets","Australia","Left","Spin"
145,"JN Gillespie","SR Tendulkar",23.1,0,FALSE,68,0,"India",1,"bat","Australia","9  wickets","Australia","Right","Spin"
146,"JN Gillespie","SR Tendulkar",23.2,1,FALSE,69,0,"India",1,"bat","Australia","9  wickets","Australia","Right","Spin"
147,"JN Gillespie","D Mongia",23.3,0,FALSE,69,0,"India",1,"bat","Australia","9  wickets","Australia","Left","Spin"
148,"JN Gillespie","D Mongia",23.4,0,FALSE,69,0,"India",1,"bat","Australia","9  wickets","Australia","Left","Spin"
149,"JN Gillespie","D Mongia",23.5,0,FALSE,69,0,"India",1,"bat","Australia","9  wickets","Australia","Left","Spin"
150,"JN Gillespie","D Mongia",23.6,0,FALSE,69,0,"India",1,"bat","Australia","9  wickets","Australia","Left","Spin"
151,"A Symonds","SR Tendulkar",24.1,0,TRUE,70,0,"India",1,"bat","Australia","9  wickets","Australia","Right","Spin"
152,"A Symonds","SR Tendulkar",24.1,0,FALSE,70,0,"India",1,"bat","Australia","9  wickets","Australia","Right","Spin"
153,"A Symonds","SR Tendulkar",24.2,0,FALSE,70,0,"India",1,"bat","Australia","9  wickets","Australia","Right","Spin"
154,"A Symonds","SR Tendulkar",24.3,0,FALSE,70,0,"India",1,"bat","Australia","9  wickets","Australia","Right","Spin"
155,"A Symonds","SR Tendulkar",24.4,2,FALSE,72,0,"India",1,"bat","Australia","9  wickets","Australia","Right","Spin"
156,"A Symonds","SR Tendulkar",24.5,0,FALSE,72,0,"India",1,"bat","Australia","9  wickets","Australia","Right","Spin"
157,"A Symonds","SR Tendulkar",24.6,1,FALSE,73,0,"India",1,"bat","Australia","9  wickets","Australia","Right","Spin"
158,"JN Gillespie","SR Tendulkar",25.1,0,FALSE,73,0,"India",1,"bat","Australia","9  wickets","Australia","Right","Spin"
159,"JN Gillespie","SR Tendulkar",25.2,1,FALSE,74,0,"India",1,"bat","Australia","9  wickets","Australia","Right","Spin"
160,"JN Gillespie","D Mongia",25.3,0,FALSE,74,0,"India",1,"bat","Australia","9  wickets","Australia","Left","Spin"
161,"JN Gillespie","D Mongia",25.4,0,FALSE,74,0,"India",1,"bat","Australia","9  wickets","Australia","Left","Spin"
162,"JN Gillespie","D Mongia",25.5,0,FALSE,74,0,"India",1,"bat","Australia","9  wickets","Australia","Left","Spin"
163,"JN Gillespie","D Mongia",25.6,0,FALSE,74,0,"India",1,"bat","Australia","9  wickets","Australia","Left","Spin"
164,"A Symonds","SR Tendulkar",26.1,0,TRUE,75,0,"India",1,"bat","Australia","9  wickets","Australia","Right","Spin"
165,"A Symonds","SR Tendulkar",26.1,0,FALSE,75,0,"India",1,"bat","Australia","9  wickets","Australia","Right","Spin"
166,"A Symonds","SR Tendulkar",26.2,0,FALSE,75,0,"India",1,"bat","Australia","9  wickets","Australia","Right","Spin"
167,"A Symonds","SR Tendulkar",26.3,1,FALSE,76,0,"India",1,"bat","Australia","9  wickets","Australia","Right","Spin"
168,"A Symonds","D Mongia",26.4,0,FALSE,76,0,"India",1,"bat","Australia","9  wickets","Australia","Left","Spin"
169,"A Symonds","D Mongia",26.5,0,FALSE,76,0,"India",1,"bat","Australia","9  wickets","Australia","Left","Spin"
170,"A Symonds","D Mongia",26.6,1,FALSE,77,0,"India",1,"bat","Australia","9  wickets","Australia","Left","Spin"
171,"JN Gillespie","D Mongia",27.1,0,FALSE,77,0,"India",1,"bat","Australia","9  wickets","Australia","Left","Spin"
172,"JN Gillespie","D Mongia",27.2,1,FALSE,78,0,"India",1,"bat","Australia","9  wickets","Australia","Left","Spin"
173,"JN Gillespie","SR Tendulkar",27.3,0,FALSE,78,6,"India",1,"bat","Australia","9  wickets","Australia","Right","Spin"
174,"JN Gillespie","A Kumble",27.4,1,FALSE,79,0,"India",1,"bat","Australia","9  wickets","Australia","Right","Spin"
175,"JN Gillespie","D Mongia",27.5,1,FALSE,80,0,"India",1,"bat","Australia","9  wickets","Australia","Left","Spin"
176,"JN Gillespie","A Kumble",27.6,0,FALSE,80,0,"India",1,"bat","Australia","9  wickets","Australia","Right","Spin"
177,"B Lee","D Mongia",28.1,0,FALSE,80,0,"India",1,"bat","Australia","9  wickets","Australia","Left","Fast"
178,"B Lee","D Mongia",28.2,0,FALSE,80,0,"India",1,"bat","Australia","9  wickets","Australia","Left","Fast"
179,"B Lee","D Mongia",28.3,0,FALSE,80,7,"India",1,"bat","Australia","9  wickets","Australia","Left","Fast"
180,"B Lee","Harbhajan Singh",28.4,0,FALSE,80,0,"India",1,"bat","Australia","9  wickets","Australia","Right","Fast"
181,"B Lee","Harbhajan Singh",28.5,0,FALSE,80,0,"India",1,"bat","Australia","9  wickets","Australia","Right","Fast"
182,"B Lee","Harbhajan Singh",28.6,4,FALSE,84,0,"India",1,"bat","Australia","9  wickets","Australia","Right","Fast"
183,"JN Gillespie","A Kumble",29.1,0,FALSE,84,0,"India",1,"bat","Australia","9  wickets","Australia","Right","Spin"
184,"JN Gillespie","A Kumble",29.2,0,FALSE,84,0,"India",1,"bat","Australia","9  wickets","Australia","Right","Spin"
185,"JN Gillespie","A Kumble",29.3,1,FALSE,85,0,"India",1,"bat","Australia","9  wickets","Australia","Right","Spin"
186,"JN Gillespie","Harbhajan Singh",29.4,0,FALSE,85,0,"India",1,"bat","Australia","9  wickets","Australia","Right","Spin"
187,"JN Gillespie","Harbhajan Singh",29.5,0,FALSE,85,0,"India",1,"bat","Australia","9  wickets","Australia","Right","Spin"
188,"JN Gillespie","Harbhajan Singh",29.6,1,FALSE,86,0,"India",1,"bat","Australia","9  wickets","Australia","Right","Spin"
189,"B Lee","Harbhajan Singh",30.1,0,FALSE,86,0,"India",1,"bat","Australia","9  wickets","Australia","Right","Fast"
190,"B Lee","Harbhajan Singh",30.2,4,FALSE,90,0,"India",1,"bat","Australia","9  wickets","Australia","Right","Fast"
191,"B Lee","Harbhajan Singh",30.3,6,FALSE,96,0,"India",1,"bat","Australia","9  wickets","Australia","Right","Fast"
192,"B Lee","Harbhajan Singh",30.4,0,FALSE,96,0,"India",1,"bat","Australia","9  wickets","Australia","Right","Fast"
193,"B Lee","Harbhajan Singh",30.5,0,FALSE,96,0,"India",1,"bat","Australia","9  wickets","Australia","Right","Fast"
194,"B Lee","Harbhajan Singh",30.6,0,FALSE,96,0,"India",1,"bat","Australia","9  wickets","Australia","Right","Fast"
195,"JN Gillespie","A Kumble",31.1,0,FALSE,96,0,"India",1,"bat","Australia","9  wickets","Australia","Right","Spin"
196,"JN Gillespie","A Kumble",31.2,0,FALSE,96,0,"India",1,"bat","Australia","9  wickets","Australia","Right","Spin"
197,"JN Gillespie","A Kumble",31.3,0,FALSE,96,0,"India",1,"bat","Australia","9  wickets","Australia","Right","Spin"
198,"JN Gillespie","A Kumble",31.4,0,FALSE,96,0,"India",1,"bat","Australia","9  wickets","Australia","Right","Spin"
199,"JN Gillespie","A Kumble",31.5,1,FALSE,97,0,"India",1,"bat","Australia","9  wickets","Australia","Right","Spin"
200,"JN Gillespie","Harbhajan Singh",31.6,0,FALSE,97,0,"India",1,"bat","Australia","9  wickets","Australia","Right","Spin"
201,"B Lee","A Kumble",32.1,0,FALSE,97,0,"India",1,"bat","Australia","9  wickets","Australia","Right","Fast"
202,"B Lee","A Kumble",32.2,0,TRUE,98,0,"India",1,"bat","Australia","9  wickets","Australia","Right","Fast"
203,"B Lee","A Kumble",32.2,0,FALSE,98,0,"India",1,"bat","Australia","9  wickets","Australia","Right","Fast"
204,"B Lee","A Kumble",32.3,0,FALSE,98,0,"India",1,"bat","Australia","9  wickets","Australia","Right","Fast"
205,"B Lee","A Kumble",32.4,4,FALSE,102,0,"India",1,"bat","Australia","9  wickets","Australia","Right","Fast"
206,"B Lee","A Kumble",32.5,0,FALSE,102,0,"India",1,"bat","Australia","9  wickets","Australia","Right","Fast"
207,"B Lee","A Kumble",32.6,0,FALSE,102,0,"India",1,"bat","Australia","9  wickets","Australia","Right","Fast"
208,"GB Hogg","Harbhajan Singh",33.1,0,FALSE,102,0,"India",1,"bat","Australia","9  wickets","Australia","Right","Spin"
209,"GB Hogg","Harbhajan Singh",33.2,0,FALSE,102,0,"India",1,"bat","Australia","9  wickets","Australia","Right","Spin"
210,"GB Hogg","Harbhajan Singh",33.3,1,FALSE,103,0,"India",1,"bat","Australia","9  wickets","Australia","Right","Spin"
211,"GB Hogg","A Kumble",33.4,1,FALSE,104,0,"India",1,"bat","Australia","9  wickets","Australia","Right","Spin"
212,"GB Hogg","Harbhajan Singh",33.5,0,FALSE,104,0,"India",1,"bat","Australia","9  wickets","Australia","Right","Spin"
213,"GB Hogg","Harbhajan Singh",33.6,0,FALSE,104,0,"India",1,"bat","Australia","9  wickets","Australia","Right","Spin"
214,"DS Lehmann","A Kumble",34.1,1,FALSE,105,0,"India",1,"bat","Australia","9  wickets","Australia","Right","Spin"
215,"DS Lehmann","Harbhajan Singh",34.2,0,FALSE,105,0,"India",1,"bat","Australia","9  wickets","Australia","Right","Spin"
216,"DS Lehmann","Harbhajan Singh",34.3,0,FALSE,105,0,"India",1,"bat","Australia","9  wickets","Australia","Right","Spin"
217,"DS Lehmann","Harbhajan Singh",34.4,0,FALSE,105,0,"India",1,"bat","Australia","9  wickets","Australia","Right","Spin"
218,"DS Lehmann","Harbhajan Singh",34.5,1,FALSE,106,0,"India",1,"bat","Australia","9  wickets","Australia","Right","Spin"
219,"DS Lehmann","A Kumble",34.6,0,FALSE,106,0,"India",1,"bat","Australia","9  wickets","Australia","Right","Spin"
220,"GB Hogg","Harbhajan Singh",35.1,4,FALSE,110,0,"India",1,"bat","Australia","9  wickets","Australia","Right","Spin"
221,"GB Hogg","Harbhajan Singh",35.2,4,FALSE,114,0,"India",1,"bat","Australia","9  wickets","Australia","Right","Spin"
222,"GB Hogg","Harbhajan Singh",35.3,0,FALSE,114,0,"India",1,"bat","Australia","9  wickets","Australia","Right","Spin"
223,"GB Hogg","Harbhajan Singh",35.4,2,FALSE,116,0,"India",1,"bat","Australia","9  wickets","Australia","Right","Spin"
224,"GB Hogg","Harbhajan Singh",35.5,0,FALSE,116,0,"India",1,"bat","Australia","9  wickets","Australia","Right","Spin"
225,"GB Hogg","Harbhajan Singh",35.6,0,FALSE,116,0,"India",1,"bat","Australia","9  wickets","Australia","Right","Spin"
226,"DS Lehmann","A Kumble",36.1,1,FALSE,117,0,"India",1,"bat","Australia","9  wickets","Australia","Right","Spin"
227,"DS Lehmann","Harbhajan Singh",36.2,0,FALSE,117,0,"India",1,"bat","Australia","9  wickets","Australia","Right","Spin"
228,"DS Lehmann","Harbhajan Singh",36.3,0,FALSE,117,0,"India",1,"bat","Australia","9  wickets","Australia","Right","Spin"
229,"DS Lehmann","Harbhajan Singh",36.4,1,FALSE,118,0,"India",1,"bat","Australia","9  wickets","Australia","Right","Spin"
230,"DS Lehmann","A Kumble",36.5,0,FALSE,118,0,"India",1,"bat","Australia","9  wickets","Australia","Right","Spin"
231,"DS Lehmann","A Kumble",36.6,1,FALSE,119,0,"India",1,"bat","Australia","9  wickets","Australia","Right","Spin"
232,"GB Hogg","A Kumble",37.1,1,FALSE,120,0,"India",1,"bat","Australia","9  wickets","Australia","Right","Spin"
233,"GB Hogg","Harbhajan Singh",37.2,0,FALSE,120,8,"India",1,"bat","Australia","9  wickets","Australia","Right","Spin"
234,"GB Hogg","Z Khan",37.3,0,FALSE,120,0,"India",1,"bat","Australia","9  wickets","Australia","Right","Spin"
235,"GB Hogg","Z Khan",37.4,0,FALSE,120,0,"India",1,"bat","Australia","9  wickets","Australia","Right","Spin"
236,"GB Hogg","Z Khan",37.5,0,FALSE,120,0,"India",1,"bat","Australia","9  wickets","Australia","Right","Spin"
237,"GB Hogg","Z Khan",37.6,0,FALSE,120,0,"India",1,"bat","Australia","9  wickets","Australia","Right","Spin"
238,"DS Lehmann","A Kumble",38.1,0,FALSE,120,0,"India",1,"bat","Australia","9  wickets","Australia","Right","Spin"
239,"DS Lehmann","A Kumble",38.2,0,FALSE,120,0,"India",1,"bat","Australia","9  wickets","Australia","Right","Spin"
240,"DS Lehmann","A Kumble",38.3,0,FALSE,120,0,"India",1,"bat","Australia","9  wickets","Australia","Right","Spin"
241,"DS Lehmann","A Kumble",38.4,0,FALSE,120,0,"India",1,"bat","Australia","9  wickets","Australia","Right","Spin"
242,"DS Lehmann","A Kumble",38.5,1,FALSE,121,0,"India",1,"bat","Australia","9  wickets","Australia","Right","Spin"
243,"DS Lehmann","Z Khan",38.6,0,FALSE,121,0,"India",1,"bat","Australia","9  wickets","Australia","Right","Spin"
244,"GB Hogg","A Kumble",39.1,0,FALSE,121,0,"India",1,"bat","Australia","9  wickets","Australia","Right","Spin"
245,"GB Hogg","A Kumble",39.2,1,FALSE,122,0,"India",1,"bat","Australia","9  wickets","Australia","Right","Spin"
246,"GB Hogg","Z Khan",39.3,0,FALSE,122,0,"India",1,"bat","Australia","9  wickets","Australia","Right","Spin"
247,"GB Hogg","Z Khan",39.4,1,FALSE,123,0,"India",1,"bat","Australia","9  wickets","Australia","Right","Spin"
248,"GB Hogg","A Kumble",39.5,0,FALSE,123,0,"India",1,"bat","Australia","9  wickets","Australia","Right","Spin"
249,"GB Hogg","A Kumble",39.6,1,FALSE,124,0,"India",1,"bat","Australia","9  wickets","Australia","Right","Spin"
250,"DS Lehmann","A Kumble",40.1,0,FALSE,124,0,"India",1,"bat","Australia","9  wickets","Australia","Right","Spin"
251,"DS Lehmann","A Kumble",40.2,1,FALSE,125,0,"India",1,"bat","Australia","9  wickets","Australia","Right","Spin"
252,"DS Lehmann","Z Khan",40.3,0,FALSE,125,0,"India",1,"bat","Australia","9  wickets","Australia","Right","Spin"
253,"DS Lehmann","Z Khan",40.4,0,FALSE,125,9,"India",1,"bat","Australia","9  wickets","Australia","Right","Spin"
254,"DS Lehmann","J Srinath",40.5,0,FALSE,125,0,"India",1,"bat","Australia","9  wickets","Australia","Right","Spin"
255,"DS Lehmann","J Srinath",40.6,0,FALSE,125,0,"India",1,"bat","Australia","9  wickets","Australia","Right","Spin"
256,"GB Hogg","A Kumble",41.1,0,FALSE,125,0,"India",1,"bat","Australia","9  wickets","Australia","Right","Spin"
257,"GB Hogg","A Kumble",41.2,0,FALSE,125,0,"India",1,"bat","Australia","9  wickets","Australia","Right","Spin"
258,"GB Hogg","A Kumble",41.3,0,FALSE,125,0,"India",1,"bat","Australia","9  wickets","Australia","Right","Spin"
259,"GB Hogg","A Kumble",41.4,0,FALSE,125,10,"India",1,"bat","Australia","9  wickets","Australia","Right","Spin"
260,"J Srinath","AC Gilchrist",0.1,1,FALSE,1,0,"Australia",2,"bat","Australia","9  wickets","Australia","Left","Fast"
261,"J Srinath","ML Hayden",0.2,3,FALSE,4,0,"Australia",2,"bat","Australia","9  wickets","Australia","Right","Fast"
262,"J Srinath","AC Gilchrist",0.3,0,FALSE,4,0,"Australia",2,"bat","Australia","9  wickets","Australia","Left","Fast"
263,"J Srinath","AC Gilchrist",0.4,4,FALSE,8,0,"Australia",2,"bat","Australia","9  wickets","Australia","Left","Fast"
264,"J Srinath","AC Gilchrist",0.5,0,FALSE,8,0,"Australia",2,"bat","Australia","9  wickets","Australia","Left","Fast"
265,"J Srinath","AC Gilchrist",0.6,1,FALSE,9,0,"Australia",2,"bat","Australia","9  wickets","Australia","Left","Fast"
266,"Z Khan","AC Gilchrist",1.1,0,FALSE,9,0,"Australia",2,"bat","Australia","9  wickets","Australia","Left","Fast"
267,"Z Khan","AC Gilchrist",1.2,0,TRUE,11,0,"Australia",2,"bat","Australia","9  wickets","Australia","Left","Fast"
268,"Z Khan","AC Gilchrist",1.3,2,FALSE,13,0,"Australia",2,"bat","Australia","9  wickets","Australia","Left","Fast"
269,"Z Khan","AC Gilchrist",1.4,0,FALSE,13,0,"Australia",2,"bat","Australia","9  wickets","Australia","Left","Fast"
270,"Z Khan","AC Gilchrist",1.5,0,FALSE,13,0,"Australia",2,"bat","Australia","9  wickets","Australia","Left","Fast"
271,"Z Khan","AC Gilchrist",1.6,0,FALSE,13,0,"Australia",2,"bat","Australia","9  wickets","Australia","Left","Fast"
272,"J Srinath","ML Hayden",2.1,0,FALSE,13,0,"Australia",2,"bat","Australia","9  wickets","Australia","Right","Fast"
273,"J Srinath","ML Hayden",2.2,1,FALSE,14,0,"Australia",2,"bat","Australia","9  wickets","Australia","Right","Fast"
274,"J Srinath","AC Gilchrist",2.3,0,FALSE,14,0,"Australia",2,"bat","Australia","9  wickets","Australia","Left","Fast"
275,"J Srinath","AC Gilchrist",2.4,0,FALSE,14,0,"Australia",2,"bat","Australia","9  wickets","Australia","Left","Fast"
276,"J Srinath","AC Gilchrist",2.5,0,FALSE,14,0,"Australia",2,"bat","Australia","9  wickets","Australia","Left","Fast"
277,"J Srinath","AC Gilchrist",2.6,2,FALSE,16,0,"Australia",2,"bat","Australia","9  wickets","Australia","Left","Fast"
278,"Z Khan","ML Hayden",3.1,2,FALSE,18,0,"Australia",2,"bat","Australia","9  wickets","Australia","Right","Fast"
279,"Z Khan","ML Hayden",3.2,0,FALSE,18,0,"Australia",2,"bat","Australia","9  wickets","Australia","Right","Fast"
280,"Z Khan","ML Hayden",3.3,0,TRUE,19,0,"Australia",2,"bat","Australia","9  wickets","Australia","Right","Fast"
281,"Z Khan","ML Hayden",3.3,4,FALSE,23,0,"Australia",2,"bat","Australia","9  wickets","Australia","Right","Fast"
282,"Z Khan","ML Hayden",3.4,0,FALSE,23,0,"Australia",2,"bat","Australia","9  wickets","Australia","Right","Fast"
283,"Z Khan","ML Hayden",3.5,0,FALSE,23,0,"Australia",2,"bat","Australia","9  wickets","Australia","Right","Fast"
284,"Z Khan","ML Hayden",3.6,0,FALSE,23,0,"Australia",2,"bat","Australia","9  wickets","Australia","Right","Fast"
285,"J Srinath","AC Gilchrist",4.1,0,TRUE,24,0,"Australia",2,"bat","Australia","9  wickets","Australia","Left","Fast"
286,"J Srinath","AC Gilchrist",4.1,0,FALSE,24,0,"Australia",2,"bat","Australia","9  wickets","Australia","Left","Fast"
287,"J Srinath","AC Gilchrist",4.2,0,FALSE,24,0,"Australia",2,"bat","Australia","9  wickets","Australia","Left","Fast"
288,"J Srinath","AC Gilchrist",4.3,1,FALSE,25,0,"Australia",2,"bat","Australia","9  wickets","Australia","Left","Fast"
289,"J Srinath","ML Hayden",4.4,0,FALSE,25,0,"Australia",2,"bat","Australia","9  wickets","Australia","Right","Fast"
290,"J Srinath","ML Hayden",4.5,3,FALSE,28,0,"Australia",2,"bat","Australia","9  wickets","Australia","Right","Fast"
291,"J Srinath","AC Gilchrist",4.6,1,FALSE,29,0,"Australia",2,"bat","Australia","9  wickets","Australia","Left","Fast"
292,"Z Khan","AC Gilchrist",5.1,0,FALSE,29,0,"Australia",2,"bat","Australia","9  wickets","Australia","Left","Fast"
293,"Z Khan","AC Gilchrist",5.2,1,FALSE,30,0,"Australia",2,"bat","Australia","9  wickets","Australia","Left","Fast"
294,"Z Khan","ML Hayden",5.3,1,FALSE,31,0,"Australia",2,"bat","Australia","9  wickets","Australia","Right","Fast"
295,"Z Khan","AC Gilchrist",5.4,0,FALSE,31,0,"Australia",2,"bat","Australia","9  wickets","Australia","Left","Fast"
296,"Z Khan","AC Gilchrist",5.5,4,FALSE,35,0,"Australia",2,"bat","Australia","9  wickets","Australia","Left","Fast"
297,"Z Khan","AC Gilchrist",5.6,0,FALSE,35,0,"Australia",2,"bat","Australia","9  wickets","Australia","Left","Fast"
298,"J Srinath","ML Hayden",6.1,6,FALSE,41,0,"Australia",2,"bat","Australia","9  wickets","Australia","Right","Fast"
299,"J Srinath","ML Hayden",6.2,0,FALSE,41,0,"Australia",2,"bat","Australia","9  wickets","Australia","Right","Fast"
300,"J Srinath","ML Hayden",6.3,0,TRUE,42,0,"Australia",2,"bat","Australia","9  wickets","Australia","Right","Fast"
301,"J Srinath","AC Gilchrist",6.4,2,FALSE,44,0,"Australia",2,"bat","Australia","9  wickets","Australia","Left","Fast"
302,"J Srinath","AC Gilchrist",6.5,0,FALSE,44,0,"Australia",2,"bat","Australia","9  wickets","Australia","Left","Fast"
303,"J Srinath","AC Gilchrist",6.6,0,FALSE,44,0,"Australia",2,"bat","Australia","9  wickets","Australia","Left","Fast"
304,"Z Khan","ML Hayden",7.1,1,FALSE,45,0,"Australia",2,"bat","Australia","9  wickets","Australia","Right","Fast"
305,"Z Khan","AC Gilchrist",7.2,2,FALSE,47,0,"Australia",2,"bat","Australia","9  wickets","Australia","Left","Fast"
306,"Z Khan","AC Gilchrist",7.3,0,FALSE,47,0,"Australia",2,"bat","Australia","9  wickets","Australia","Left","Fast"
307,"Z Khan","AC Gilchrist",7.4,4,FALSE,51,0,"Australia",2,"bat","Australia","9  wickets","Australia","Left","Fast"
308,"Z Khan","AC Gilchrist",7.5,1,FALSE,52,0,"Australia",2,"bat","Australia","9  wickets","Australia","Left","Fast"
309,"Z Khan","ML Hayden",7.6,3,FALSE,55,0,"Australia",2,"bat","Australia","9  wickets","Australia","Right","Fast"
310,"Harbhajan Singh","ML Hayden",8.1,0,FALSE,55,0,"Australia",2,"bat","Australia","9  wickets","Australia","Right","Spin"
311,"Harbhajan Singh","ML Hayden",8.2,0,FALSE,55,0,"Australia",2,"bat","Australia","9  wickets","Australia","Right","Spin"
312,"Harbhajan Singh","ML Hayden",8.3,1,FALSE,56,0,"Australia",2,"bat","Australia","9  wickets","Australia","Right","Spin"
313,"Harbhajan Singh","AC Gilchrist",8.4,0,FALSE,56,0,"Australia",2,"bat","Australia","9  wickets","Australia","Left","Spin"
314,"Harbhajan Singh","AC Gilchrist",8.5,0,FALSE,56,0,"Australia",2,"bat","Australia","9  wickets","Australia","Left","Spin"
315,"Harbhajan Singh","AC Gilchrist",8.6,0,FALSE,56,0,"Australia",2,"bat","Australia","9  wickets","Australia","Left","Spin"
316,"A Kumble","ML Hayden",9.1,0,FALSE,56,0,"Australia",2,"bat","Australia","9  wickets","Australia","Right","Spin"
317,"A Kumble","ML Hayden",9.2,0,FALSE,56,0,"Australia",2,"bat","Australia","9  wickets","Australia","Right","Spin"
318,"A Kumble","ML Hayden",9.3,1,FALSE,57,0,"Australia",2,"bat","Australia","9  wickets","Australia","Right","Spin"
319,"A Kumble","AC Gilchrist",9.4,0,FALSE,57,0,"Australia",2,"bat","Australia","9  wickets","Australia","Left","Spin"
320,"A Kumble","AC Gilchrist",9.5,0,FALSE,57,0,"Australia",2,"bat","Australia","9  wickets","Australia","Left","Spin"
321,"A Kumble","AC Gilchrist",9.6,0,FALSE,57,0,"Australia",2,"bat","Australia","9  wickets","Australia","Left","Spin"
322,"Harbhajan Singh","ML Hayden",10.1,1,FALSE,58,0,"Australia",2,"bat","Australia","9  wickets","Australia","Right","Spin"
323,"Harbhajan Singh","AC Gilchrist",10.2,0,FALSE,58,0,"Australia",2,"bat","Australia","9  wickets","Australia","Left","Spin"
324,"Harbhajan Singh","AC Gilchrist",10.3,0,FALSE,58,0,"Australia",2,"bat","Australia","9  wickets","Australia","Left","Spin"
325,"Harbhajan Singh","AC Gilchrist",10.4,0,TRUE,63,0,"Australia",2,"bat","Australia","9  wickets","Australia","Left","Spin"
326,"Harbhajan Singh","AC Gilchrist",10.4,1,FALSE,64,0,"Australia",2,"bat","Australia","9  wickets","Australia","Left","Spin"
327,"Harbhajan Singh","ML Hayden",10.5,0,FALSE,64,0,"Australia",2,"bat","Australia","9  wickets","Australia","Right","Spin"
328,"Harbhajan Singh","ML Hayden",10.6,0,FALSE,64,0,"Australia",2,"bat","Australia","9  wickets","Australia","Right","Spin"
329,"A Kumble","AC Gilchrist",11.1,0,FALSE,64,0,"Australia",2,"bat","Australia","9  wickets","Australia","Left","Spin"
330,"A Kumble","AC Gilchrist",11.2,1,FALSE,65,0,"Australia",2,"bat","Australia","9  wickets","Australia","Left","Spin"
331,"A Kumble","ML Hayden",11.3,1,FALSE,66,0,"Australia",2,"bat","Australia","9  wickets","Australia","Right","Spin"
332,"A Kumble","AC Gilchrist",11.4,0,FALSE,66,0,"Australia",2,"bat","Australia","9  wickets","Australia","Left","Spin"
333,"A Kumble","AC Gilchrist",11.5,0,FALSE,66,0,"Australia",2,"bat","Australia","9  wickets","Australia","Left","Spin"
334,"A Kumble","AC Gilchrist",11.6,0,FALSE,66,0,"Australia",2,"bat","Australia","9  wickets","Australia","Left","Spin"
335,"Harbhajan Singh","ML Hayden",12.1,6,FALSE,72,0,"Australia",2,"bat","Australia","9  wickets","Australia","Right","Spin"
336,"Harbhajan Singh","ML Hayden",12.2,0,FALSE,72,0,"Australia",2,"bat","Australia","9  wickets","Australia","Right","Spin"
337,"Harbhajan Singh","ML Hayden",12.3,0,FALSE,72,0,"Australia",2,"bat","Australia","9  wickets","Australia","Right","Spin"
338,"Harbhajan Singh","ML Hayden",12.4,0,FALSE,72,0,"Australia",2,"bat","Australia","9  wickets","Australia","Right","Spin"
339,"Harbhajan Singh","ML Hayden",12.5,1,FALSE,73,0,"Australia",2,"bat","Australia","9  wickets","Australia","Right","Spin"
340,"Harbhajan Singh","AC Gilchrist",12.6,1,FALSE,74,0,"Australia",2,"bat","Australia","9  wickets","Australia","Left","Spin"
341,"A Kumble","AC Gilchrist",13.1,0,FALSE,74,0,"Australia",2,"bat","Australia","9  wickets","Australia","Left","Spin"
342,"A Kumble","AC Gilchrist",13.2,0,FALSE,74,0,"Australia",2,"bat","Australia","9  wickets","Australia","Left","Spin"
343,"A Kumble","AC Gilchrist",13.3,0,FALSE,74,0,"Australia",2,"bat","Australia","9  wickets","Australia","Left","Spin"
344,"A Kumble","AC Gilchrist",13.4,4,FALSE,78,0,"Australia",2,"bat","Australia","9  wickets","Australia","Left","Spin"
345,"A Kumble","AC Gilchrist",13.5,1,FALSE,79,0,"Australia",2,"bat","Australia","9  wickets","Australia","Left","Spin"
346,"A Kumble","ML Hayden",13.6,1,FALSE,80,0,"Australia",2,"bat","Australia","9  wickets","Australia","Right","Spin"
347,"Harbhajan Singh","ML Hayden",14.1,0,FALSE,80,0,"Australia",2,"bat","Australia","9  wickets","Australia","Right","Spin"
348,"Harbhajan Singh","ML Hayden",14.2,1,FALSE,81,0,"Australia",2,"bat","Australia","9  wickets","Australia","Right","Spin"
349,"Harbhajan Singh","AC Gilchrist",14.3,1,FALSE,82,0,"Australia",2,"bat","Australia","9  wickets","Australia","Left","Spin"
350,"Harbhajan Singh","ML Hayden",14.4,1,FALSE,83,0,"Australia",2,"bat","Australia","9  wickets","Australia","Right","Spin"
351,"Harbhajan Singh","AC Gilchrist",14.5,4,FALSE,87,0,"Australia",2,"bat","Australia","9  wickets","Australia","Left","Spin"
352,"Harbhajan Singh","AC Gilchrist",14.6,4,FALSE,91,0,"Australia",2,"bat","Australia","9  wickets","Australia","Left","Spin"
353,"A Kumble","ML Hayden",15.1,1,FALSE,92,0,"Australia",2,"bat","Australia","9  wickets","Australia","Right","Spin"
354,"A Kumble","AC Gilchrist",15.2,1,FALSE,93,0,"Australia",2,"bat","Australia","9  wickets","Australia","Left","Spin"
355,"A Kumble","ML Hayden",15.3,0,FALSE,93,0,"Australia",2,"bat","Australia","9  wickets","Australia","Right","Spin"
356,"A Kumble","ML Hayden",15.4,0,FALSE,93,0,"Australia",2,"bat","Australia","9  wickets","Australia","Right","Spin"
357,"A Kumble","ML Hayden",15.5,0,FALSE,93,0,"Australia",2,"bat","Australia","9  wickets","Australia","Right","Spin"
358,"A Kumble","ML Hayden",15.6,1,FALSE,94,0,"Australia",2,"bat","Australia","9  wickets","Australia","Right","Spin"
359,"Harbhajan Singh","ML Hayden",16.1,1,FALSE,95,0,"Australia",2,"bat","Australia","9  wickets","Australia","Right","Spin"
360,"Harbhajan Singh","AC Gilchrist",16.2,1,FALSE,96,0,"Australia",2,"bat","Australia","9  wickets","Australia","Left","Spin"
361,"Harbhajan Singh","ML Hayden",16.3,0,FALSE,96,0,"Australia",2,"bat","Australia","9  wickets","Australia","Right","Spin"
362,"Harbhajan Singh","ML Hayden",16.4,1,FALSE,97,0,"Australia",2,"bat","Australia","9  wickets","Australia","Right","Spin"
363,"Harbhajan Singh","AC Gilchrist",16.5,0,FALSE,97,0,"Australia",2,"bat","Australia","9  wickets","Australia","Left","Spin"
364,"Harbhajan Singh","AC Gilchrist",16.6,3,FALSE,100,0,"Australia",2,"bat","Australia","9  wickets","Australia","Left","Spin"
365,"A Kumble","AC Gilchrist",17.1,0,FALSE,100,0,"Australia",2,"bat","Australia","9  wickets","Australia","Left","Spin"
366,"A Kumble","AC Gilchrist",17.2,0,FALSE,100,0,"Australia",2,"bat","Australia","9  wickets","Australia","Left","Spin"
367,"A Kumble","AC Gilchrist",17.3,0,FALSE,100,11,"Australia",2,"bat","Australia","9  wickets","Australia","Left","Spin"
368,"A Kumble","RT Ponting",17.4,0,FALSE,100,0,"Australia",2,"bat","Australia","9  wickets","Australia","Right","Spin"
369,"A Kumble","RT Ponting",17.5,0,FALSE,100,0,"Australia",2,"bat","Australia","9  wickets","Australia","Right","Spin"
370,"A Kumble","RT Ponting",17.6,2,FALSE,102,0,"Australia",2,"bat","Australia","9  wickets","Australia","Right","Spin"
371,"Harbhajan Singh","ML Hayden",18.1,1,FALSE,103,0,"Australia",2,"bat","Australia","9  wickets","Australia","Right","Spin"
372,"Harbhajan Singh","RT Ponting",18.2,0,FALSE,103,0,"Australia",2,"bat","Australia","9  wickets","Australia","Right","Spin"
373,"Harbhajan Singh","RT Ponting",18.3,0,FALSE,103,0,"Australia",2,"bat","Australia","9  wickets","Australia","Right","Spin"
374,"Harbhajan Singh","RT Ponting",18.4,4,FALSE,107,0,"Australia",2,"bat","Australia","9  wickets","Australia","Right","Spin"
375,"Harbhajan Singh","RT Ponting",18.5,1,FALSE,108,0,"Australia",2,"bat","Australia","9  wickets","Australia","Right","Spin"
376,"Harbhajan Singh","ML Hayden",18.6,0,FALSE,108,0,"Australia",2,"bat","Australia","9  wickets","Australia","Right","Spin"
377,"A Kumble","RT Ponting",19.1,0,FALSE,108,0,"Australia",2,"bat","Australia","9  wickets","Australia","Right","Spin"
378,"A Kumble","RT Ponting",19.2,0,FALSE,108,0,"Australia",2,"bat","Australia","9  wickets","Australia","Right","Spin"
379,"A Kumble","RT Ponting",19.3,0,FALSE,108,0,"Australia",2,"bat","Australia","9  wickets","Australia","Right","Spin"
380,"A Kumble","RT Ponting",19.4,2,FALSE,110,0,"Australia",2,"bat","Australia","9  wickets","Australia","Right","Spin"
381,"A Kumble","RT Ponting",19.5,0,FALSE,110,0,"Australia",2,"bat","Australia","9  wickets","Australia","Right","Spin"
382,"A Kumble","RT Ponting",19.6,0,TRUE,111,0,"Australia",2,"bat","Australia","9  wickets","Australia","Right","Spin"
383,"A Kumble","RT Ponting",19.6,4,FALSE,115,0,"Australia",2,"bat","Australia","9  wickets","Australia","Right","Spin"
384,"Harbhajan Singh","ML Hayden",20.1,1,FALSE,116,0,"Australia",2,"bat","Australia","9  wickets","Australia","Right","Spin"
385,"Harbhajan Singh","RT Ponting",20.2,4,FALSE,120,0,"Australia",2,"bat","Australia","9  wickets","Australia","Right","Spin"
386,"Harbhajan Singh","RT Ponting",20.3,0,FALSE,120,0,"Australia",2,"bat","Australia","9  wickets","Australia","Right","Spin"
387,"Harbhajan Singh","RT Ponting",20.4,0,FALSE,120,0,"Australia",2,"bat","Australia","9  wickets","Australia","Right","Spin"
388,"Harbhajan Singh","RT Ponting",20.5,0,FALSE,120,0,"Australia",2,"bat","Australia","9  wickets","Australia","Right","Spin"
389,"Harbhajan Singh","RT Ponting",20.6,1,FALSE,121,0,"Australia",2,"bat","Australia","9  wickets","Australia","Right","Spin"
390,"A Kumble","RT Ponting",21.1,0,FALSE,121,0,"Australia",2,"bat","Australia","9  wickets","Australia","Right","Spin"
391,"A Kumble","RT Ponting",21.2,0,FALSE,121,0,"Australia",2,"bat","Australia","9  wickets","Australia","Right","Spin"
392,"A Kumble","RT Ponting",21.3,1,FALSE,122,0,"Australia",2,"bat","Australia","9  wickets","Australia","Right","Spin"
393,"A Kumble","ML Hayden",21.4,0,FALSE,122,0,"Australia",2,"bat","Australia","9  wickets","Australia","Right","Spin"
394,"A Kumble","ML Hayden",21.5,1,FALSE,123,0,"Australia",2,"bat","Australia","9  wickets","Australia","Right","Spin"
395,"A Kumble","RT Ponting",21.6,1,FALSE,124,0,"Australia",2,"bat","Australia","9  wickets","Australia","Right","Spin"
396,"Harbhajan Singh","RT Ponting",22.1,0,FALSE,124,0,"Australia",2,"bat","Australia","9  wickets","Australia","Right","Spin"
397,"Harbhajan Singh","RT Ponting",22.2,4,FALSE,128,0,"Australia",2,"bat","Australia","9  wickets","Australia","Right","Spin"
